Title,Price_sold,Shipping_cost,Item_location,Item_seller,Link,Seller_name,Seller_feedback,Seller_Rating%,Shipping_cost_value,Shipping_type
Showa Retro baby toys #PCGL09,88.03,Free International Shipping,Japan,garage-kamakura (560) 97%,https://www.ebay.com/itm/315931515081?_skw=baby+toys&hash=item498efc58c9:g:YaUAAOSwkJpnLN1C&itmprp=enc%3AAQAJAAAA4HoV3kP08IDx%2BKZ9MfhVJKlhruBMwbdwkWiYIGEd5NJVZ7RF4ZgN8KRQFCefe%2BF1nCKWvdIt3z99KXIHGS%2BME2QadZ3TH7LfWBRhop%2Fl188hIXuRNzWCLmdmrhc2gi3R6wWw%2FNGWt6bWaJtiw9Sut%2Foi5WnmG%2BJr83Zg3rR%2Bl5j0aRQlIR5GsYyUbYRZO1tt8cT%2B0rGVn%2FRd7IPfwX17srAs%2FXXK7xyPloT2OmkytCLkqNqnF4GpK9g02zTBj3hrywVRJd8eohvyENX9RWkP3YY0PobT08X6gIdW%2FxNCRdn4%7Ctkp%3ABFBMhrXouPlk,garage-kamakura,560,97.0,0.0,Free International shipping
Baby's Toys (Babys World Ser),48.74,14.60 shipping,United States,"ontimebooks (30,054) 97.4%",https://www.ebay.com/itm/386677742328?_skw=baby+toys&epid=688150&hash=item5a07ca1af8:m:mdODxqVnjHl_7EBbQ5AnRUQ&itmprp=enc%3AAQAJAAAA4HoV3kP08IDx%2BKZ9MfhVJKl03mZe1F%2FR4Ldd0TDktYml7P0PEbUJsOXKEg26wyUNe7szAKbbYDgFs%2FE87tEOHDg%2Fups3w%2BDmEkac5qh1EIKV5NAwjzVH88%2FYb0mnEbz%2FB0oB%2Bf7OaqJXKXyjQyqKk7Iaxz9F0t%2FgEEtkRFtFa44cT3T7nPp16jYD%2B2ibyRLxvVHdqrwDo75malgGSqrN6b8osDhnGI2zYYRk1UsF4gcbzwEa5%2F1AGu43sELniWkTpUceBkH%2BtEmffL0hs8FOl7V4mxl15l57rtBFHB8VAdDJ%7Ctkp%3ABFBMhrXouPlk,ontimebooks,30054,97.4,14.6,Paid shipping
Quick Knit Baby Toys: 20 Knitting Patterns for Baby Comforters to Cuddle (Paperb,16.42,12.50 shipping,United States,"bargainbookstores (1,113,935) 99.3%",https://www.ebay.com/itm/387618105980?_skw=baby+toys&epid=21062381190&hash=item5a3fd6ea7c:g:ImoAAOSw5KVnNjeh&itmprp=enc%3AAQAJAAAAwHoV3kP08IDx%2BKZ9MfhVJKkR8IEFUPcK6EiaImQzwMFgiIiW3pFrvtW3pTZ3bn0E1OM%2Fqu97uV8IoXqnRTVAlKAVfsg44xNxmPOQ6DjaVsrgbCaF%2F5zeGRFwe8mN6KgRXdzZaH8029CQ8RPg4xv%2FdcpH9oNn20dEuS8vEqffNjO1CQliJe76n%2FWfPw%2BGEKpLtqCnrwtOLCWNC%2FsI045XRxVx11SogZ0zTN5cjeVFelpllOKNsU%2FvANtMBRvKJDyMbg%3D%3D%7Ctkp%3ABk9SR4a16Lj5ZA,bargainbookstores,1113935,99.3,12.5,Paid shipping
Quick Knit Baby Toys: 20 Beginner-Friendly Patterns for Knitted Baby Comforters,18.33,51.66 shipping,Australia,"the_nile (1,229,461) 98.8%",https://www.ebay.com/itm/146143625904?_skw=baby+toys&hash=item2206d6c2b0:g:jqUAAOSw-QVnW86L&itmprp=enc%3AAQAJAAAA4HoV3kP08IDx%2BKZ9MfhVJKlV0tCb6Hz2J7a4q2oqdkoc0c%2FgtOQRxVBxZi1LPEdwPdkGVqrb7isk0offln0YFFBXoluWVIRegGBZgooVxeo3Elg7vPLsZvAjhJk8scj%2FnJQa%2BhD3vVP3LRi00SIPGzOBJ5d2iZkTH%2Bi2hJ3DikK6PpzLJAwMu3fwmNiEnEnPPw09LuuFpNeBE1a5uRiruDaOqMNHol9%2Bm%2FiMvUl08JxN9Uuj%2FSGMDbsMxvtNTTyf0pIjio3REcw5HCw6KkjoiDSD4MgrXskNd3yQqejanN8e%7Ctkp%3ABk9SR4i16Lj5ZA,the_nile,1229461,98.8,51.66,Paid shipping
Crocheted Baby Toys,260.05,23.21 shipping,United States,"bluevasemarketplace (188,869) 99.5%",https://www.ebay.com/itm/126777551534?_skw=baby+toys&hash=item1d8487eaae:g:vVkAAOSw66JnNir~&itmprp=enc%3AAQAJAAAA8HoV3kP08IDx%2BKZ9MfhVJKlLOTXg4mPEUDg5vyEhT7zin0PHgRHn8RIcoInwMnwBusoJFMMJCucxCY31TqiX1nfB8Zzix1cb9YcTAnYTK%2B07quk6YSLiRcFizUTETvTgb2gYcEfH3ahzJrwictrc%2F2QGpDEO0nWQd%2BUd648Eo5TrEuxe0%2B%2BaSyzD6Jm2jx%2Bl8L8ln3X8%2FZO%2Fx5%2BXGcCZDtaizvZjLNd3QtvlbodbdJqYLy4GQBLQXhCVf5YOyskLwDDqtLHBxY9%2BQnAV2bW3H%2FaDfvh2pYYJeuLadW0KkW1T8bPL9Tt%2Fqcz2zNcUPhXHCg%3D%3D%7Ctkp%3ABk9SR4i16Lj5ZA,bluevasemarketplace,188869,99.5,23.21,Paid shipping
"Baby Bop's Toys by Kearns & O'Brien  1993, Mini Board Book - Nice condition!",9.99,16.43 shipping,United States,mtnest17 (503) 100%,https://www.ebay.com/itm/186634123379?_skw=baby+toys&hash=item2b7442b873:g:2qkAAOSwWX5mvmCg&itmprp=enc%3AAQAJAAAAwHoV3kP08IDx%2BKZ9MfhVJKnfFnF8HXkIuqcbH%2F2bcAS0y7VEStTbwQNQLUGGgXDPV6N3TtWB8FNN8RlssP7Ly8aQBx2PTBDugm8kdPrLdITZZqtw8B7s8EpBOEuSLwFsKjbfRuAJllIiXW0W1aigWkG6AWHCQeOaq7CsfMN8xeFndtfgk3nUn0gitff8TRFJZWJsOrZLC1IQnw2Mmco2I6VJka5ddSEf162fZ3gdBjijfHdW3QyGpbVcvdBK3SDsjA%3D%3D%7Ctkp%3ABk9SR4i16Lj5ZA,mtnest17,503,100.0,16.43,Paid shipping
"Puzzle Island by Paul Adshead (1990, Trade Paperback) Discovery Toys",12.99,18.67 shipping,United States,"steeler_mike (1,535) 100%",https://www.ebay.com/itm/296874746942?_skw=baby+toys&hash=item451f1d243e:g:dGsAAOSwrBFlnDAC&itmprp=enc%3AAQAJAAAA4HoV3kP08IDx%2BKZ9MfhVJKk6qyje2tfCtcPirVF7%2FKTaK78kPROmXIlgX1SwHc42HuIdmqYuD6ZPqD%2Ftyhwbs%2BsZFbskW1KybVb2q5TuVO%2BtqhpnNAdjw3NUlPaMpL4JHwk7b%2F2UNlAnOG84K0l62WyhpVUiE3JCm88R1mO5PYrPdTQNY0AEU3%2F0cm2lyEly%2Fe7JkdSJ51Ft1ujwNvisa%2BHsaiiekC%2BrqtTFAWGowwjZquoE8Dsge5yjDNWWLrwtOc29%2Fhhc67v1P97dD1BSs%2BogCdkMTgF499ymTt8ranuL%7Ctkp%3ABk9SR4i16Lj5ZA,steeler_mike,1535,100.0,18.67,Paid shipping
"TOYS TO MAKE Over 60 simple, educational toys for babies & preschoolers, primary",7.56,12.72 shipping,Australia,"linkmonk (8,906) 99.8%",https://www.ebay.com/itm/125249725708?_skw=baby+toys&epid=96072702&hash=item1d2977250c:g:wrwAAOSwZbBiRt2o&itmprp=enc%3AAQAJAAAA0HoV3kP08IDx%2BKZ9MfhVJKlj5yntja0BBCzGL5kxGHu8a2xPhKZ7ii5MqdQJv3DJylAAa8eBB2va9nVR43JbbcdsLwTck321ucU3c0V69P5vSnVAembmGglIUjpESykP%2FCThEQ9sx%2BHQC63oTkupi0a7tlLIeAmvQIFedZGOFbNS7icSBYq6MSM96JMNLom%2BqwU9VwHsEqMeivrUkmbo9k%2Fg%2F%2B2A7qX%2Bdf4OMuVH2j27BuWxHeduW2mbAhw4WaP3PJBwl7VRbvnI%2BpzbwaASVG8%3D%7Ctkp%3ABk9SR4i16Lj5ZA,linkmonk,8906,99.8,12.72,Paid shipping
The Baby-Sitters Club Retro Set [Books #1,17.22,23.17 shipping,United States,"upwardboundbooks (9,896) 99.8%",https://www.ebay.com/itm/196894211452?_skw=baby+toys&epid=5038547545&hash=item2dd7cf3d7c:g:VEEAAOSwq6df~rSO&itmprp=enc%3AAQAJAAAA8HoV3kP08IDx%2BKZ9MfhVJKkknAB3R2lKVlcWwGGVZH8iLppWqk1fD61Tc1z2Fz9annTbr5bwnakuarxRU9kObzYhP--AS%2B%2B39%2FVYVLyF41X82VHl6CHIoIPSl8wwmA7lThwSafXilt4Ug1yq%2FqgPabKfOjqxwX%2FTbaQoIWz%2BihHS7oM4pJ35XZr2HkyI2cD03%2B0X1Ftt%2FY9tuf821ishmlLUDKN3%2BsKw8wAfdoGE3pPs7VyOz7gJ3hcpAZclOLr0sBDAHY3Ozyd%2BS51EdykBY9Ld1RT77%2FS%2F0UHR1Ji3iRT5x7FNyeA0zvw39y8MVMzYlA%3D%3D%7Ctkp%3ABk9SR4i16Lj5ZA,upwardboundbooks,9896,99.8,23.17,Paid shipping
Baby Shart Interactive Toy Book Gift Box Set,14.99,20.91 shipping,United States,uniquetoyworld (164) 100%,https://www.ebay.com/itm/276284075474?_skw=baby+toys&hash=item4053d06dd2:g:rsMAAOSws-hlzuiq&itmprp=enc%3AAQAJAAAA8HoV3kP08IDx%2BKZ9MfhVJKngYbINXrEfCLhwc5zyL%2Bg3N40V3DEioDozeqnj5b6voWUfJr9xSvX695nZOHYwtrDH6roQ8BlpMAG6oYcSZgDOfdE4%2Ffqpt1GF8QLaiikrdwCDp7gi7XhFZiuNpBuK96%2BQPPN%2FmRXcldL9b9z4rHV%2BEFLvK6ut2J0zokRK9Hm8TEQKGI%2Bsj1E85X--DAx4Q3uvlJHN3DN3bz%2BW7ghOlBWLu3HKLC9GXg2vT1gAiGGeoUPypUReL5d04hEbKMTcas7McyhZr13uY6ZFiCkidPWrpo%2Fa6lK%2FzM5z17aN8p%2BtUw%3D%3D%7Ctkp%3ABk9SR4i16Lj5ZA,uniquetoyworld,164,100.0,20.91,Paid shipping
"Bernat Caron Baby Knitting Pattern Book Nursery Knits Blankets, Toys Clothes",5.03,26.25 shipping estimate,United Kingdom,"reet32 (1,672) 100%",https://www.ebay.com/itm/304765506199?_skw=baby+toys&hash=item46f5709297:g:FJgAAOSw7J9ja7w4&itmprp=enc%3AAQAJAAAAwHoV3kP08IDx%2BKZ9MfhVJKlYtaw6wObnu2P16Noej3sTfTOyodgc7G8Y0fcQb9OrkyEoe5pwlgXjONZQxrE9OWakSBanE1n7N4FPUWfoKDurhsFCqoUfWfNIRmNoa5Yg3xbMo66BvxWXz5hJJ22oPtt5aWCkt%2FhiTq5GtGzZ9uri7giQD68cQT%2BBOsEL9tOYYUvzh8IxVmyWA8labbllqbbEt7uspW6hEeMGh%2BMjE9AVuwVW5UAwDR99cNZZVI%2FhxA%3D%3D%7Ctkp%3ABk9SR4i16Lj5ZA,reet32,1672,100.0,26.25,Paid shipping estimate
Felt baby toys handmade by mothers and grandmothers - Japanese Craft Book,35.8,Free International Shipping,Japan,japancraftbook (47) 100%,https://www.ebay.com/itm/286077617844?_skw=baby+toys&hash=item429b8e06b4:g:bNoAAOSw9I5m881i&itmprp=enc%3AAQAJAAAA4HoV3kP08IDx%2BKZ9MfhVJKku60Xj5p1v6JqTwzaaluq%2Bx5da1C32OgihjEdCTNdughlfqllXwtU2o0AP%2B5z0SYFglxLMjkS1rEp3T6r0fpd2MhPwh%2B8txTHCNjTKASHq4aSqP8AuMYcgzWyt2rhwZUEjgdJN3NtNKCS%2FRIoohRGZGNNTRGSYxtIRd0IAIx65qLD5%2B6gunFi%2F8EqVU8g2GBWhViScgjxsYelbyoChJgUQchqX4WoI0l8Y%2BztiDbOLe7%2BfYGR2cLdZALnEtvqAJ6b54VRlzlbFYUxktdbbyvTK%7Ctkp%3ABk9SR4i16Lj5ZA,japancraftbook,47,100.0,0.0,Free International shipping
Samsung 100 Buttons Smart Pad Learning Korean Play Toy For Baby Infant Kids,90.1,Free International Shipping,South Korea,buytokorea11 (420) 100%,https://www.ebay.com/itm/133123850925?_skw=baby+toys&epid=4062281041&hash=item1efeccc2ad:g:a~0AAOSwQsFcsF-L&itmprp=enc%3AAQAJAAAA4HoV3kP08IDx%2BKZ9MfhVJKn5brU0x9SGKX5QYY3VmjhZfPqdLDvF9fa2gMstjMgKRgJi2cw4e7QCHKB%2Fr6uxlbNQndasb8CTIqwnIcqUSjYanlHeQ8wq4r6Np%2Fs30K4xWOXHDqCY9%2FxRgVubfc2NKb0k3YGaKn8yaKpqB23rF7rY25P4X6y%2FASC%2FUXy6ui9OcJWfou0D3RRMIUAAFlBJwHQ7Vciyb6rSArI6V3rcoKvGrVmFCHKz2RGVlayROR8meMXj7wz7y4KfmcBpEEr7RofmfkUhCjZHQ5Fc5DmLWHaL%7Ctkp%3ABFBMiLXouPlk,buytokorea11,420,100.0,0.0,Free International shipping
"Baby's First Book of 44 Sounds by SmartNoggin Toys (2022, Hardcover)",19.95,14.88 shipping,United States,"find-me-here (2,918) 100%",https://www.ebay.com/itm/355854320464?_skw=baby+toys&epid=8058371042&hash=item52da920350:g:I6MAAOSwx9BmjKuk&itmprp=enc%3AAQAJAAAA4HoV3kP08IDx%2BKZ9MfhVJKluwYRsYhCTeZfB%2Bt%2FYuoIey8lvVRwVzYiYHMtoAbGscRIRmF8OkAGCA0%2FdGsTlA5ahIedQw9AesQ%2FV9wopTtW2%2FSq0rc8wgYWGZk8hzaPOj1IJaueNbfvvp2EcxE33pxtQBG%2BPej3uegUpZNWCk%2BzkHL%2F05GAfgW0jmCi88k47xi3fsgzQULIS7Crncr0%2FHcwCEYRLZwMXEdWxoekrEYDH1J7kpo56GGvShoLfVgDwWQ652RAF76W1hh1nsDSIH8MAMzwDmyFjX83nYoSp3vbM%7Ctkp%3ABFBMiLXouPlk,find-me-here,2918,100.0,14.88,Paid shipping
Pinkfong Pop-up Smartphone Melody Toy Korean Version For Baby&Kids,58.61,Free International Shipping,South Korea,buytokorea11 (420) 100%,https://www.ebay.com/itm/132847378690?_skw=baby+toys&hash=item1eee522102:g:cC0AAOSwzcNb4rIB&itmprp=enc%3AAQAJAAAA4HoV3kP08IDx%2BKZ9MfhVJKmfN18ixqS2lDOhX%2FLvwm2ekSKcAS6Ir%2FJyMsm80JEJKytBJYgt5BbKyeL8bGjjCrL2b7mON6NRK9Sow4%2BHrxJ3GsU0OqunazHFif3bGN7FFNHa9mWK25oeXBncma3EdahWNEfGi7fqzCNrcIvKEZxgEZSAxQKCytuBLpBmhg6jQhiR1YJJAKENBm%2BKbJJJ8HM0nY9Hr%2Bj%2F2GIFMROaF5W1FokVRJVn6TvcRiB19kK0ttYwyx7tgxIBhAEU6%2BbgYlzyR4IpAkxn5smzQhhkPCAV%7Ctkp%3ABFBMiLXouPlk,buytokorea11,420,100.0,0.0,Free International shipping
"Cutest Ever Baby Toys to Knit by Pierce, Val",7.72,9.25 shipping,United States,"thrift.books (3,764,066) 99%",https://www.ebay.com/itm/375094385013?_skw=baby+toys&epid=201594174&hash=item57555e1975:g:uW0AAOSwZ~lZsDpF&itmprp=enc%3AAQAJAAAA4HoV3kP08IDx%2BKZ9MfhVJKkf4J0A%2B9Ud7980qO119ps1NH%2BsAqstNUKOu1dTUj7L2u3qo1q0GvIT9TSBzJHFNtsoDQfmn%2Bj7PLpRlRiSMOJShrZc7BUw9UWM9OzER%2FC1TxlvXGpElmFMnnZTt5TKQKgigd3L2VwXlAy9hYlBsLqmJCvxzcW0Pc5wdynXx862PC5vFsrdHDboWPWVa0RvX8MDPEa6mrqqBoNigKUzWiwhUj77q9%2FozJ1Wpn%2F9zeJLuQXUbORnLGRtYd2dGBJSYxVtD8R4w8%2FWwv3Re7jGDglz%7Ctkp%3ABFBMiLXouPlk,thrift.books,3764066,99.0,9.25,Paid shipping
Eric Carle THE TINY SEED Soft Teether Book Baby Toy - BRAND NEW,9.95,15.56 shipping,United States,"lastep (2,410) 100%",https://www.ebay.com/itm/335359887288?_skw=baby+toys&hash=item4e1501c7b8:g:jZsAAOSw78tmJWZD&itmprp=enc%3AAQAJAAAA4HoV3kP08IDx%2BKZ9MfhVJKmtOB0z3vSSH2Ty46Ha3S531%2FxmxufL9%2FJ3DS8sr7nmOphUzGBUwHn9donqYm%2FIO109q8V60ywgv9cRaAxkZL1MTsfxdJE64kq0g9aTf8r2GSXZgYryhED7r5ndk7nIKmWdXVP3%2F3KlyK%2F6SXJx0VoQDiycvI8cfYrmbQ58UP4H1ODy1HsU%2B1FdA1NkcvtrKIoQomwqQKlr0HSjIfandibxkTdOC3EVVWF1M7Rc8%2F91prKDJn0wg2ZWxgXqOSp%2BRNnH4MAYLLpNuZb1vazB%2FFml%7Ctkp%3ABk9SR4i16Lj5ZA,lastep,2410,100.0,15.56,Paid shipping
Vintage 1963 Baby's Animal Toys Rand McNally Junior Elf Book Mabel Watts HC,7.46,15.23 shipping,United States,"seltzer504 (5,042) 100%",https://www.ebay.com/itm/166967890534?_skw=baby+toys&hash=item26e00fd266:g:dFsAAOSwdpdm33no&itmprp=enc%3AAQAJAAAA4HoV3kP08IDx%2BKZ9MfhVJKmQcQ1YlSlTOrzlVGxyxr7gJTl%2FvhQZd%2FDS9gFD3zGJAUx4RjyLfFpQBvQbGvEdqeBSfU%2FfVsGPROuYUNNYKmz2y%2B0St7FUIb5nN25ngUASBgROq%2BO8zpjS1XJqTaScd%2B4L1P7HTSiQEit9MH6ZNZ6cxzwrj1T4nnKEnhwzNAgZkTICJnfhsmSzpKDkH5SATEo0cXYlseP0hJV443jwB6hy5g6jaAXubRIJUD28WdeS1CIbAXLfd9FTWKz3%2FRlNX6et%2Fy6nc9LpITeitB2WZxxP%7Ctkp%3ABk9SR4i16Lj5ZA,seltzer504,5042,100.0,15.23,Paid shipping
"Baby Bop's ABC Book by Bernthal, Mark S.",5.0,3.81 shipping,United States,"thrift.books (3,764,066) 99%",https://www.ebay.com/itm/196889863613?_skw=baby+toys&epid=799443&hash=item2dd78ce5bd:g:MNAAAOSwBp5Zqu1O&itmprp=enc%3AAQAJAAAA4HoV3kP08IDx%2BKZ9MfhVJKmUzY%2B3AEIgiryp0lQCT1U6tJ8QcJshjMnI3Iain6R%2FdBCgID6Y6UNY7eIjNNPyJQqYq1E0pmVwKh6TBy82TZzxV%2Fz73%2BCnko%2F5gQZGnPgPwNwxxdw48D035aUN2oAOY5%2Fxsk6Biks8TG0jhWcvv%2B1YF0uz8QQ5E8Xo1ZahVhY62J0HAONxMy%2BFtuM7nf62%2Bf58cBeXda04wJLeOX1iRfqzd80xgeN5H3yEHcwQ93%2BI19gO0u%2FgPzxePgziodGUqioTzDYozncMf0bipsiiObsz%7Ctkp%3ABk9SR4i16Lj5ZA,thrift.books,3764066,99.0,3.81,Paid shipping
Collector's Value Guide Ty's Beanie Babies by N/A,5.58,3.81 shipping,United States,"thrift.books (3,764,066) 99%",https://www.ebay.com/itm/375859524072?_skw=baby+toys&hash=item5782f931e8:g:WAUAAOSw8HRnWVek&itmprp=enc%3AAQAJAAAA4HoV3kP08IDx%2BKZ9MfhVJKlALJbqFFBWtToexuE5ojXo7l2fnhRJNAg8EiMm5SBpB8OIHeSkTuBba9erq2W9JdEstObwbGFdwBm8n9hAFfqf25v%2BrNHe%2FyeR0LzSUoD1AFhSobTcXEATbkUjcbFoqr9NOzXSEbSdNRHDpRkwujhVECLRB5cB8TDHD7BH4NkCcioSZC4LjurtU%2BPeoFN8MX75uALk2dIQgNvtnGNmM%2BqKC510WTsol2r%2Bhi4OBxjBFID6Af4Y4WiOuWSsHWcYmzJ4Qz0IB1e5UhefJ1%2FRr2Fq%7Ctkp%3ABk9SR4i16Lj5ZA,thrift.books,3764066,99.0,3.81,Paid shipping
Baby Toys for Cribs and Playpens Coloring Book by Bobo's Children Activity Books,14.04,9.50 shipping,United States,"grandeagleretail (934,042) 98.3%",https://www.ebay.com/itm/365282492933?_skw=baby+toys&epid=19038512561&hash=item550c888205:g:~qAAAOSwQ79nWlbh&itmprp=enc%3AAQAJAAAA0HoV3kP08IDx%2BKZ9MfhVJKkmPePsWFtpvZnX8lIuTNim6RnVRGtH6A6uA86uSpuK1xNMH7ww0lc%2BYMlCYThe9d6P%2BCYzXGvoYDI01gV%2F1Fv8U3MHC6kae24Rf0NJKl--JcmDqHpcHo088GncHBVIbCOCp%2FIxjlcf4%2BwnrLnmFibRTverwrcelUYlyATPRv3UB2g%2FJJwND8giMBwcQdfQ7uNT%2FAMUmlwM6%2F1SGogA9qxzmxyzYjFHlMAQ8NnZsaU1vITO8VwY2GXW2pjtt%2F5u5Gs%3D%7Ctkp%3ABk9SR4i16Lj5ZA,grandeagleretail,934042,98.3,9.5,Paid shipping
Collector's Value Guide Ty Beanie Babies,6.45,5.62 shipping,United States,"thrift.books (3,764,066) 99%",https://www.ebay.com/itm/143827718922?_skw=baby+toys&epid=1125217&hash=item217cccd30a:g:ib8AAOSwDQJZqvQo&itmprp=enc%3AAQAJAAAA4HoV3kP08IDx%2BKZ9MfhVJKnr7GPofED2mWMKzQUs0k%2FjeiXhTnoa7SCehWQaDrLF%2FRb3Bjvr%2B8M7Kz%2BKL8ImpvQIhVgxFPt9L43oAXG5wF3UxJW%2FDIUPJ526ZBHLmC0l7ObgW94hPgA%2BRnLSqDW%2BkjROnEwe6uGBlSIam%2Bfp1zyW4%2B%2FpLNRHA33UjRJf%2BbsG8GrosMcVsSUbT92kWucRWybw2pQySd0sEbGy3%2FLKYWDEuFDNBnTyLaezLNrpohUNnPyWZS7d8X%2BpyEt0SMUTO3GOcNF4KigUrst%2Ba444%2FDX%2F%7Ctkp%3ABk9SR4i16Lj5ZA,thrift.books,3764066,99.0,5.62,Paid shipping
Monster High,135.99,22.73 shipping,United States,bellisl_31 (241) 100%,https://www.ebay.com/itm/186750632559?_skw=baby+toys&hash=item2b7b34826f:g:sTkAAOSwKrhnHoaO&itmprp=enc%3AAQAJAAAA0HoV3kP08IDx%2BKZ9MfhVJKngJHEFeXIljyTeKCMn2b1XWnOQo2Z8AmHjRP3pM85mF5r85W7ITF9EbOyQKCFaWcDspjlRFWIxNlq8K6ZQGOqBUfGrflKfcmQ1j1hrqX4vWMaW0mWtk8p90vlk4UYhxRtjVvCyU84qmO4QJjBJnY7NZA24lJqVuYjZJWzrlF0iNAXUoxbuDIZuXEJE2MA1ZbEqPQfR8vI37GDOTwiQBLHnO%2BHj9NzyKn9NJIVF9EWFvkEcFCbSyA9ypQDboIUryW8%3D%7Ctkp%3ABk9SR4i16Lj5ZA,bellisl_31,241,100.0,22.73,Paid shipping
Critter Sitters Childrens Hardcover Board Book TOYS 1984 Raccoon,9.95,16.00 shipping,Canada,thegrandtoywizard (484) 100%,https://www.ebay.com/itm/126501188419?_skw=baby+toys&hash=item1d740ef343:g:2IAAAOSwuTZmUw-I&itmprp=enc%3AAQAJAAAA4HoV3kP08IDx%2BKZ9MfhVJKmZA7CqkwJV6oxgEWcELH1ntYtV9dTT0q%2BqJ%2FP0eGg%2B2thcdVdtENYpGGciUVl%2BflaNhKdbLIWKfYlWdt1c2Dbmzvz91ZuHC3s72ouaov2Vcwf2BbPf4IIK7Y0XV5BnuT1dgqbUbXZaS0K7jm2o%2FsDS%2B3vMSkV19Km27MC5ke45%2BO8AdQBgKc2P9JYtNXUotuYcFQpXvx%2BGc%2FxVWlSE4LI44vI%2FOZ8zNQbbXiwijvS1FrgcXZeApImQjICYKitsTYyMk1%2B7lJq1C0PoDvgJoagu%7Ctkp%3ABk9SR4i16Lj5ZA,thegrandtoywizard,484,100.0,16.0,Paid shipping
VINTAGE LITTLE GOLDEN BOOK CHILDRENS  1950 WALT DISNEYS SANTA'S TOY SHOP 451-08,7.99,14.83 shipping,United States,"boxsranch (4,732) 100%",https://www.ebay.com/itm/335665112019?_skw=baby+toys&hash=item4e273323d3:g:S0YAAOSwyz1nL5sd&itmprp=enc%3AAQAJAAAA4HoV3kP08IDx%2BKZ9MfhVJKkyaZcGdbHWNcbfvYxgrZVbqizsfUBaB2s42MrgbtdnmY3Leq0Asfsv1ss68or3LfG03Lu9gbK%2BxQz2aulrCf%2FT4MdgF5eg%2BuoaqMYBhuk29R3AG%2FcRzOdmsGJ8r8WYNHl21H3s7TKohJxiNEYUVK4YAdDm4p0Q3NcO5rPwS2A5IYl1jXCUfTSpTQrZGSQuWz%2FVBfygFFR7ISnRKjKuNBdJnQkHy5u4pY3ggbCRMsFaY%2Fg0x2AUbXvCXBWSG3iH%2Bq6Qlu5INfU5J1nUV9Ren%2Bbo%7Ctkp%3ABk9SR4i16Lj5ZA,boxsranch,4732,100.0,14.83,Paid shipping
Right -Time Toys Baby Todler 1950 Booklet Catalogue Cradle & Wood Toys,4.95,11.79 shipping,United States,"malis1954 (1,567) 100%",https://www.ebay.com/itm/135420913695?_skw=baby+toys&hash=item1f87b7281f:g:kwcAAOSwy1JkoZZZ&itmprp=enc%3AAQAJAAAA4HoV3kP08IDx%2BKZ9MfhVJKlR5hWdgyb0dkdj9NsQCOx5U5GMXofQWugWxkqMJWzNOWR%2BkBrXQpMp89N4BNdMUwFCCXz6NHn31boCLUPNd3OQvBpX2u9MaL2CAn8AmsjVRYJuWJKexSiW347JssQO6FTKEapZQV6NeA1Z%2BQG9dvc32FMgJ%2BxW%2F8NWlWiuciG7fN1wAEoNkIkqlV4l2a%2FtDXaQwl%2BKqLphli2uflp64g1FKMbrtGnIGtC%2FCZj4jPhPW1TJmYAhkNOv0eZjm%2FOwmpLS3s4MO3colPqUVT6ERjCV%7Ctkp%3ABk9SR4q16Lj5ZA,malis1954,1567,100.0,11.79,Paid shipping
"Into Darkness (Stuffed, Book 2) - Paperback By Braswell, Liz - GOOD",4.38,10.50 shipping,United States,"second.sale (3,749,571) 98.4%",https://www.ebay.com/itm/276426313987?_skw=baby+toys&epid=16050086940&hash=item405c4ad103:g:65AAAOSw1tJmHP0g&itmprp=enc%3AAQAJAAAAwHoV3kP08IDx%2BKZ9MfhVJKkBR4S8%2BD2L5o9kw5Tyi4DxRTpHxYBGXb%2FfsfaE9CCs65ckI2toQVA2mOi2yLHcUJEEFCWvpXwRbv2GXJqYQeOiYMpbZnOZSesw8tx5TFmJgqP9TdrZa0p6Iq54WK5%2F1DGlH1XwsGiqHI%2FuztCVsRg6ItZ1ti2nffT0Jwds8mfzJxd7kaurA0ztOgotjFCKYnbka1EmWYGwa3proY3t%2FJHa%2BHizaZVLQ3Ukq0GAuS3mxA%3D%3D%7Ctkp%3ABk9SR4q16Lj5ZA,second.sale,3749571,98.4,10.5,Paid shipping
Pinkfong Baby Shark Sing-Alongs Sound Book,17.97,11.17 shipping,United States,"bookindustries (20,178) 100%",https://www.ebay.com/itm/255824752595?_skw=baby+toys&epid=12044999513&hash=item3b9057efd3:g:jrMAAOSwOPhjcC71&itmprp=enc%3AAQAJAAAA0HoV3kP08IDx%2BKZ9MfhVJKk3gAjrbir%2BUTVfhX8V3qJMRU9hXVeGGQPKM7WhDGzfm8BEkFHkZStcUfySsooQ6OZfc16BMLHszmGYxHQByoQ%2FhokUK4mnV%2F3zffPsuDRt5mdI2uuZa6amwmy0nuVl2Ajt1EE6zuPPm7gLc6jnrpDZzf1H8rGp7iLPyG5KqWvgjyHtwAop2%2Fuum12lrO0iZYRyPw%2FtCPYQas1N8WCyqEJS1Sw2BSz%2BcV4dka4QHjHojVps4C18wMCqnbyb3Q0jHRY%3D%7Ctkp%3ABk9SR4q16Lj5ZA,bookindustries,20178,100.0,11.17,Paid shipping
"PINKFONG & BABY SHARK Sticker Book with Handle, Travel Toy for Toddler",17.3,Free International Shipping,South Korea,hi-seoul (16) 100%,https://www.ebay.com/itm/387686660581?_skw=baby+toys&hash=item5a43ecf9e5:g:8UwAAOSwNARnTpC3&itmprp=enc%3AAQAJAAAA4HoV3kP08IDx%2BKZ9MfhVJKm9YyP0ep8HKvn28VuMS2%2BPkiRBM2YM--rl15SYhNdmvUjwmDKeKtJnMeRymmiUscLN3s0FWu%2BqgDjPpTeU90016Xh%2Fr%2B8GMLnPC%2FNWpQKospVxvgRDkDQ32o5KvjlupU5%2Fo7M3GleEseSzGFPeWfCzHHgWvHwpv%2FVeAaMWzvd%2Bke0%2FPvUZpGvs35YQY%2BPdFwJ5fQkRi3UbsZ8sx77vG1pfABtX6EdSOSGaG30quNEElCi6wOR2jkn1J4gnNmbfG64DQL%2FEor2WEXVjqz1Nqx3L%7Ctkp%3ABFBMirXouPlk,hi-seoul,16,100.0,0.0,Free International shipping
Vintage Baby Toys Baby's First Book Wooden Clown Doll Handmade Cloth Bunny,23.76,11.34 shipping,United States,"ryansmisfittoys (19,688) 99.8%",https://www.ebay.com/itm/276708997476?_skw=baby+toys&hash=item406d243964:g:Zy0AAOSw5B1ktXhY&itmprp=enc%3AAQAJAAAA4HoV3kP08IDx%2BKZ9MfhVJKlw8ofg73E7OEgR666JauicoMVKoIVUkcTUp%2BmyrqWQ5bQW%2Bc895Cs4l%2BC5Z2qd1%2BUxcKWTq4Qd65C5C6ChGEaKkdn%2FZ5C3g%2BGpQNSGBTq03LFlyX7MqKvO%2Fz%2BvaTrepd0A4pfW0OCVLWfcv3jBdkIcE62GKpZnzULFMne63g%2FIraVayTkZffhmiP293MckRVJGugMXKKl9DwlenVjke1lHYYWBSysF03ZvdhJhhMqhQzSocRE%2BRoIiu4MC2GskexUl1yEmqy69jikowVEca1oR%7Ctkp%3ABFBMirXouPlk,ryansmisfittoys,19688,99.8,11.34,Paid shipping
Apple Bee Sing Sing Learning Korean Hangul Bus Play Toy Baby Infant Kids,102.85,Free International Shipping,South Korea,buytokorea11 (420) 100%,https://www.ebay.com/itm/133021925187?_skw=baby+toys&hash=item1ef8b97f43:g:AboAAOSw9TtfiC2K&itmprp=enc%3AAQAJAAAA8HoV3kP08IDx%2BKZ9MfhVJKknIoyPIpGGiJnyNN%2Bdeu%2Fm%2BELw1C2zFYDQ5c%2BY9l%2FnvXmEMmPptfSFUTt4wi49JXzX%2BuawXx6GcjHtZKMCLApuB5Q1J0iS117g49Qhg5dSFrW1%2BlglWgyPx6O2z8Y2bz2jN5vBvgYpuoZDBoXwGwqPMR%2Bcgka%2BGYHrLu8hoOGT2x8oKwq1pxRR9KaNNk4hbxnPhnghh%2FoVR3MdagZsgWY4LpC2s7J%2FH89Y%2BbX0ie%2FTe%2FBEsfdNwAejbnUvGgvXTOuhUYVv%2Ba8%2FKJC0ocn77mxHaj6Mt1t9lONklKbmcFt6ZQ%3D%3D%7Ctkp%3ABFBMirXouPlk,buytokorea11,420,100.0,0.0,Free International shipping
Your Baby Can Read Deluxe Kit NEW ENGLISH Reading System DVD BOOK CARDS,139.0,23.68 shipping,United States,mehran5252 (237) 50%,https://www.ebay.com/itm/112948908027?_skw=baby+toys&epid=1001508433&hash=item1a4c478ffb:g:AsAAAOSwo4pYPaqE&itmprp=enc%3AAQAJAAAA4HoV3kP08IDx%2BKZ9MfhVJKk8hffeSFWiti9Uzc99kxXMUuMgy47esJucvrRU15hKsOSApbSvssStPLbhwcRjkO1uLUm2jyF%2BYl9mkIA56%2FlZYJKclckbLzmkYJooGi5hX5G7glSPGmNTYI4%2FA4aJI6wX9GuUjb5fSQOWuLtEoEFJEqsV%2FG8TmjYkzYvhgCgrrlJG1iCHP0pNuiChtbH%2Bp%2F878%2FAcrY2GMiSwYJsLwjiS041%2BXgOqQuOwLwcwHXzziq7fwcaVhsqxzgbahV3fuDFz2QDgoiMYCixcQLdND8QI%7Ctkp%3ABFBMirXouPlk,mehran5252,237,50.0,23.68,Paid shipping
"Puzzle Island, Paul Adshead, Discovery Toys-Child Play-1990 PB",14.95,20.24 shipping,United States,eagle-4-ever (881) 100%,https://www.ebay.com/itm/135442052062?_skw=baby+toys&epid=1035808&hash=item1f88f9b3de:g:c2sAAOSwFgJnXb45&itmprp=enc%3AAQAJAAAA8HoV3kP08IDx%2BKZ9MfhVJKkNdnshhFJ8YCvUEPD7v7XLSi0cTGpWlcxwlNkHcui5i1Rzt%2FatRbgFKQFq26HEAoQivHdoCUToNOxbLz7Yj%2Bs6R8%2FGPExJmv9ijW%2BscARqA8s%2FgnjSWU6patGlEpwCvW1JdT4cdhvoQo5wSc1x%2BE0XxuuwtMzB4xSGuAPzIWEYioKGhN0PJ88rv0UgpwqUvrYcliK%2BBhV51hFQkgL%2Fm4bAee%2BQwlF7nQ%2Bn%2FBlDEygP%2BBu0EMoL5hI4l6JptlCD7Rk4zbFDIxrr3EKfc530iCnYnxxj3%2FfAEGpcF8DKt7VNcQ%3D%3D%7Ctkp%3ABk9SR4q16Lj5ZA,eagle-4-ever,881,100.0,20.24,Paid shipping
LaMaze Infant Development System Cloth Board Book TEDDY'S TOYBOX,5.09,19.82 shipping,United States,"barbsmush (2,439) 100%",https://www.ebay.com/itm/125371895848?_skw=baby+toys&epid=745582&hash=item1d30bf5028:g:MfMAAOSwvgNhQmM9&itmprp=enc%3AAQAJAAAAwHoV3kP08IDx%2BKZ9MfhVJKlPEbPDmaMLCv2ESqI34nC0TPH1Zs0TimUVNMOrfdnS8dGDL4M%2BTOBtQJL7DZcamZxXCwQsNYRigRq5tQ02DrY2zd9jhqMwsKFnpDiIyTQNplg0BjR%2BPd%2FBm2wdN%2FpCUah8t%2BuNTLGqb2E2aAj%2BO9N0SqfOklSQjWMKBRV%2BndjqSMUV%2ByaSkycPLfKPZl7xQ9g%2B3nF9SUjz%2BSUbjZcWQlDbLmQQmc7S2GnGJwqge1jbmA%3D%3D%7Ctkp%3ABk9SR4q16Lj5ZA,barbsmush,2439,100.0,19.82,Paid shipping
Lovevery Wooden Book Colorful Animals Baby Montessori-Based Play Toy Wood,9.5,19.58 shipping,United States,kat0421 (80) 100%,https://www.ebay.com/itm/135429635553?_skw=baby+toys&hash=item1f883c3de1:g:JLYAAOSw~dhmyRMr&itmprp=enc%3AAQAJAAAA4HoV3kP08IDx%2BKZ9MfhVJKkCwLiBEx1t8K6E85qnaagHBTdLfjRVmi%2Bl2OsbmMNz8VTt5nKV170MhtB2l9rHq1eVuv78WO74gTV6hvv6X2XliWmu4pM3%2B%2BuHQoZDA6tUZREBzN2Ye0HIW8Jyrm%2FB1Vy79%2FgOKOb5FCGrFhXpBBAAd1XYhDnqsqrfTskTYRA%2FnDbXlJ0SFu8UfgYdzrK6QY7bUPUC%2Fz4gVRIgvomUUwHSZWks434aALhSN2vW6Wkcyy6WTkn1U0z%2FQ%2F2NCE5FIbgJSM0GWRVDmY%2Fo0QC5terD%7Ctkp%3ABk9SR4q16Lj5ZA,kat0421,80,100.0,19.58,Paid shipping
"Baby Bop's Toys Board Books Marie, Kearns, Kimberly O'Brien",6.89,12.00 shipping,United States,"betterworldbookswest (330,078) 98.7%",https://www.ebay.com/itm/375786664525?_skw=baby+toys&epid=24038772691&hash=item577ea1724d:g:V~QAAOSwLV1mRbfH&itmprp=enc%3AAQAJAAAA4HoV3kP08IDx%2BKZ9MfhVJKloq4IkYlpzOXZjZEeczf9uO9c1goAlfF4YK13G2GOMDjYuzgWDUVhFUZ65z7jEELFHn0a6V%2BodW2XlAlpmDzV4DnlO0yTIabfkdTcENGc1fJXcekJ%2F3St5fH26v3yISAuS7yFX2sC7VR1zg32%2FlUAtn8EdHuKBmAWVN%2F%2BvECw7srKGeHyKitb%2BTydXoC4UolwQFbLCGZ6G3SKAhOAMIGIV8VJirbpbGEN2sFEueRoR5LT4mvBzX4HurGySlsgXwfwEKbsofNGEzBwCmEd75k50%7Ctkp%3ABk9SR4q16Lj5ZA,betterworldbookswest,330078,98.7,12.0,Paid shipping
Curious Baby Counting Board Book with Beads Board Books H. A. Rey,6.04,12.00 shipping,United States,"betterworldbooks (2,683,400) 98.8%",https://www.ebay.com/itm/276740538964?_skw=baby+toys&epid=71123239&hash=item406f058254:g:Ly0AAOSwT6pnPXWB&itmprp=enc%3AAQAJAAAA4HoV3kP08IDx%2BKZ9MfhVJKmExWWAl3Tw5C%2B1Vj9IUwSDSh3lkcxqCZt0Mci28VrLFkRuj6QNS%2FMI2x0FQzKTDzQVdznH71o4Z%2FxwCaw9Re5POvkTA6reV%2BZodPfRom0uSr8cOPuFfp3nMn24SK5CH7OrJyI1rics2f%2B6RDlmBSRfnKW7AyP0Ak4La9JX433OBylnm0EnvL3559%2FI3rlNM5HZgiPaflhIW02zNjEfiHXHuTFujsbsUE0t8EHvfshoflJuDAxZ1YtuxADTKf0uyPOa8EF07DbIldX3wg7evn%2Bm%7Ctkp%3ABk9SR4q16Lj5ZA,betterworldbooks,2683400,98.8,12.0,Paid shipping
"Toy Story 4 ""TOY BOX"" 4-Board Book Boxed Set Disney Pixar 2020 New Sealed *READ*",15.99,46.62 shipping,United States,"smeechie016 (1,164) 100%",https://www.ebay.com/itm/296760643645?_skw=baby+toys&epid=19052101791&hash=item451850103d:g:z2oAAOSwEL5mw6Vj&itmprp=enc%3AAQAJAAAAwHoV3kP08IDx%2BKZ9MfhVJKna1VjijHmZjUADotK1oxduZIVQO5o%2Fewjjv2ur1LCbB8bSdkQ8ag4FBUfhGwLKXp2s4ax9p%2F47Y4geJZrs%2FfPooDFa%2FlwLsDtJ6f%2BYeuSyDa3I6BHJHx99d2fsOqMfdVobT6Av2omjt%2BbzIEEs6X8jhBCn7L%2FzdtT%2B6dmaK3bj9c5yfo42gcppTRH6PExvxNZAAVQj228ObTt6fLNoRLbbMq7RZ8XfhFYbvGTanfCYlg%3D%3D%7Ctkp%3ABk9SR4q16Lj5ZA,smeechie016,1164,100.0,46.62,Paid shipping
"DITTY BIRD Baby Sound Toy: Our Learning Songs musical Toys for babies, 1  - GOOD",18.34,10.50 shipping,United States,"second.sale (3,749,571) 98.4%",https://www.ebay.com/itm/266774875123?_skw=baby+toys&hash=item3e1d058bf3:g:XLwAAOSw8gRmIU4o&itmprp=enc%3AAQAJAAAA4HoV3kP08IDx%2BKZ9MfhVJKmcZTzHuajdwb%2F8EoAC7qdXsAvlZfkFp77o3BiqPZUUO2Lpp8O6n7cvsOPn9H9tsBWhAtgSu9Mvkp2I0eHSJQuXPpeZ5FJIN4Pa%2FhVi5JNoHaXemDQz9fCn3%2FK1SArxccj1L47%2FIN9nbsJEmM3muc%2BYev9k98N8TzoQ3jYpRT1gpw%2B7bgVG7%2FbWiIG7Wxg60ugiUCnUjvzkL4mITNYU2msMSoxgLfYUvUOaAoZnK24fM61wCM2J7%2FtWWaDkwRBmyOuAiHzGoXd6TIuCzG4mb5u%2B%7Ctkp%3ABFBMirXouPlk,second.sale,3749571,98.4,10.5,Paid shipping
"Baby's Animal Toys by Watts, Mabel",2.95,23.08 shipping,United States,"kusha5610 (2,240) 98.7%",https://www.ebay.com/itm/296413460037?_skw=baby+toys&hash=item45039e7645:g:JYsAAOSwQ8tmOEdd&itmprp=enc%3AAQAJAAAA4HoV3kP08IDx%2BKZ9MfhVJKmNSw3SIjsInU%2BsDI5xmsUfLIiLj2xPFZd7ZB48lIObUc0ZSeGZvveX0C6wNVVIZ9NyX2ECUpBr2nIxd3gKImLPEjEHAYAV5lbKyumLzI0a49ABACSfKgDe7wNJzItT6vL5%2BzdrAD%2FPuvmyd7tL%2BlePDvP%2FdQy%2Fg3asydLaA1X%2BAlvteHvjQuEMfbjBVbzD0hGkYTOr52zsH%2B0fD1feQo61sF82wt2PDLf4YERDoHKpv%2FPQraZzRmYS3U8D%2B2Yu%2FEIwLDChofKSCfcCDphYo9qY%7Ctkp%3ABFBMirXouPlk,kusha5610,2240,98.7,23.08,Paid shipping
New ListingBoys Tiny Bear's Bible Story By Sally Lloyd Jones Zonderkid Hardcover Board Book,5.99,19.10 shipping,United States,"fromthishometoyours (5,736) 99.7%",https://www.ebay.com/itm/276780244614?_skw=baby+toys&hash=item4071635e86:g:EcgAAOSw5QBnDqv9&itmprp=enc%3AAQAJAAAA4HoV3kP08IDx%2BKZ9MfhVJKkgupr%2BCDR2%2BV0pTTSML6gbr2IbzL7kjZJYY7NFxcUL5vkEDoZZDfw9o%2BPmc1CkoyB4cZ9mzcY2oLkTez2B0fTFfwI0eveInmiHUwLH0UcbPBhJilUjMMOhDPom8r0%2BPAnB%2B00ZKb0gVrrat7E%2FuzfqyR4hFyhDqprWq93On9ours1RgvEk9f0UrtwYylNe8nJd4Zrp8B9Jjr57RYjmQVkrxSFf3mEIL3y%2F6CfpHXv63HqzVIn2K7VZvCKbFz337eEm7BU8GfGbmzf5L7SqhuPG%7Ctkp%3ABk9SR4q16Lj5ZA,fromthishometoyours,5736,99.7,19.1,Paid shipping
"Baby Bop Pretends by Dudko, Mary Ann; Larsen, Margie",5.62,3.81 shipping,United States,"thrift.books (3,764,066) 99%",https://www.ebay.com/itm/196473824174?_skw=baby+toys&epid=13038684378&hash=item2dbec0a3ae:g:pKEAAOSwCqRf~2ht&itmprp=enc%3AAQAJAAAA4HoV3kP08IDx%2BKZ9MfhVJKlvrQqTbNYlulWT8DPDQ4Frr6YXcOSK0XzbmVtYkHGZfC0F4Qo8TUmWjiZTQjIHQyqYl--80uSg0rVWEDurqIvnHohGn63KqtZri33yk0jGgovjZ%2BvS%2Bs8qfcSkwXQ%2BhUB2BZf%2Bk%2FDSSl05S1WW9ognmI5V2YVHm5SX8F0A0k1ZwzQAjQIXG5lcGzOXlGUFaaabXhdmcnGq%2BRt8UdzivGTyinYVI1nl1sH979l8e7sy%2FyxG%2BmR2qPqTFWHm%2BSej92y6d0jt4oVXt2cH%2BMOFXIfF%7Ctkp%3ABk9SR4q16Lj5ZA,thrift.books,3764066,99.0,3.81,Paid shipping
"Vintage 1987 The Story of Holly and Ivy, Rumer Godden / Barbara Cooney Paperback",9.99,19.22 shipping,United States,vintagesales (301) 100%,https://www.ebay.com/itm/135430504816?_skw=baby+toys&hash=item1f88498170:g:b4oAAOSwdCVnVpAB&itmprp=enc%3AAQAJAAAAwHoV3kP08IDx%2BKZ9MfhVJKn71HdyhOoPnJvQjuzF3OVS8XLlefIK4vzLcKsBpLfPW16IQXuucm%2FceEi36g3Q4ZF--aserkpJrCKwDI4YcyTRQV7NIS98p2UiB5MZ%2BWLZOkYzyP3VosITO9kaQGHDdRLielCPKs1jZ0acqB3XpWFx0eLzZfhdLMvkvkPcizAuScFULkd%2FafrugT%2F04EDmm31l3Nu73n0apWsaTNMRYZ2u5pCgMZblp8oiguXXMag3CA%3D%3D%7Ctkp%3ABk9SR4q16Lj5ZA,vintagesales,301,100.0,19.22,Paid shipping
Colorful Wooden Baby Preschool Math Educational Toys Building Blocks Countin LLI,13.23,Free International Shipping,China,lanyydi.living (683) 98.9%,https://www.ebay.com/itm/196557990181?_skw=baby+toys&hash=item2dc3c4e925:g:wgAAAOSw~U9mur4S&itmprp=enc%3AAQAJAAAA8HoV3kP08IDx%2BKZ9MfhVJKnfQ6CjKFDr8SHWPUTaqG5pqa2qVVSe2V36SFD%2F8Vw0K5XAqwcolVxkx2SwqWTlGPa%2BcQVDXaGC6DMj5z0o2snVlYtfjvZG610bYh1vsGdVOVaU0dTafmjcQFauAptovOA0gZqIzrzIs1umnU8Z9NxWnn8jwYVgp%2FypLbBWuryy0nnDYywSRSnYAEnbYOOATuMnm4aMhs9Wd%2FAiKk5%2F4TDcKqCjgo3Lx66PxFjY8RD0aRTQC8RZFwdnwwEC%2B1B2sfw6%2FvoK8SjwsM4Vzm90ua%2FKi%2FgA7Qwrb2ikeEk%2BqcR5zQ%3D%3D%7Ctkp%3ABk9SR4q16Lj5ZA,lanyydi.living,683,98.9,0.0,Free International shipping
Eric Carle Board Book BABY ANIMALS Lift-A-Flap Sound Early ELA Learning Language,5.59,19.09 shipping,United States,"thelittlematryoshka (1,786) 99.7%",https://www.ebay.com/itm/175583425109?_skw=baby+toys&epid=123537997&hash=item28e1967255:g:b08AAOSw1uJgl9ou&itmprp=enc%3AAQAJAAAA4HoV3kP08IDx%2BKZ9MfhVJKnMRnW5b9XZYADbyTh8J2N6UsqpZwcGwEfsepnZ44lQQ%2BRkTzM2z4RxeZB12cvgAHw3%2FgHxeYpoNIRQdFlT%2B9qFhV2FoCJHwp%2FXwMqUvPmyNOicSLGda5CNJwlAOvfWQLNo2klAkT5wP1jl06x3hYuAOsoJvVtoA09dkBSrTVImqrrLILe2VKQpCu%2FY4cS26gLTu4t9YjisC6R7OhcKZX0GTgUvkyqaP%2FxcUSkgeQrZqbp1je24XRpGjhS8QGeCrIyiDYAMz%2Fi796PXglUjmCZP%7Ctkp%3ABk9SR4q16Lj5ZA,thelittlematryoshka,1786,99.7,19.09,Paid shipping
"Baby Bop Goes to School (Go to ... Series) - Hardcover, by Bernthal Mark - Good",5.91,12.99 shipping,United States,"booksrun (118,550) 99.4%",https://www.ebay.com/itm/405276033204?_skw=baby+toys&epid=795639&hash=item5e5c5580b4:g:qPQAAOSwy-1nBx1q&itmprp=enc%3AAQAJAAAAwHoV3kP08IDx%2BKZ9MfhVJKn8990a1%2F4uTfB3kcB1vSm5ozageHnAEMw0IoH82qHFNfCxHWEcUWgE%2BWe5DU695lFZqRX5XZEVLPgWWNcwTYxmQGf0et8vr33RLdrqSume%2B1wWIK1ehQDiEiBLb0qwpMd2E%2Fbjy5PamuXdtcd7%2BDu65bQolEiSLcSjqW6fl3yJ5c1duxQk2Br6s2jLweRiyG62dkEIWShtpSC6A4mZyQ42MBy7AjxtY%2BpAD%2BuetlVcEg%3D%3D%7Ctkp%3ABk9SR4q16Lj5ZA,booksrun,118550,99.4,12.99,Paid shipping
Tickle Monster Laughter Kit Toy —  Tickle Monster Book and Fluffy Mitts,12.99,27.13 shipping,United States,"supersal8 (1,593) 100%",https://www.ebay.com/itm/285698969115?_skw=baby+toys&hash=item4284fc4e1b:g:KMAAAOSwmdRlyn8r&itmprp=enc%3AAQAJAAAA4HoV3kP08IDx%2BKZ9MfhVJKlZRjD3tthlty9tRuPwLBV%2BG609gHfREhvQ52wB0wQgpeJszlT0rrgakmgBwDS1LNMXbcKPJS1R5iiiOJF%2FzyBZnxOOWqllYcpL%2Fe%2F7TY21uZvKOy48M0rCQerctZILIPvCGbvdG6mYs%2FOBfy%2BsOcdaIJEMZxO4oO5ogB2zyLdqY7xx6kWOxT1vimJqQcqAAeU7wmkZJLKYCKR%2FSgoKYjsDInzFY%2Fkl99CFxK7FHgHy5bDlN2G%2Fc4cWdk9fgv9uELY5JH3CD4RP4%2BVEVnR7%2FGew%7Ctkp%3ABk9SR4y16Lj5ZA,supersal8,1593,100.0,27.13,Paid shipping
Pop-Up Peekaboo: Christmas! - Board book By DK Publishing - GOOD,4.18,10.50 shipping,United States,"second.sale (3,749,571) 98.4%",https://www.ebay.com/itm/256477441399?_skw=baby+toys&epid=143674418&hash=item3bb73f2d77:g:jp0AAOSwxW5mGSD5&itmprp=enc%3AAQAJAAAA4HoV3kP08IDx%2BKZ9MfhVJKkMIbQcf%2FDsUUrMT7pTJCzTGCRakeRGSZP8%2FuGJSjkCDhQOoCu6tfjOijSeHKbS3eZQuXHLwJsBzxMSXl3bz8cCnPfAZB0gl40WelfmPahqHnIKFRMQ5YWgTYUhpCdQftFlxEqWC0lix5fyFNHFLp6lH6YzxC6c3doyY7IzivoU1k8Ed%2FsO9nnnwziDzp5wo%2F53zAqK5bUZt6rpQ2ny4e%2B4fq7cUMw5BFrVRfQVRTZL13UgACEMkDrGu%2B6Cfq929z4PfmFn9yFn09RxGvrH56Es%7Ctkp%3ABk9SR4y16Lj5ZA,second.sale,3749571,98.4,10.5,Paid shipping
Kiwi Co Tadpole Crate Toddler Learning Toys BUSY BEES Beehive BUZZY Bee Flowers,19.99,29.07 shipping,United States,"knateb (4,362) 99.6%",https://www.ebay.com/itm/294451856658?_skw=baby+toys&hash=item448eb2c512:g:7xoAAOSwOgJhY0si&itmprp=enc%3AAQAJAAAAwHoV3kP08IDx%2BKZ9MfhVJKnNyMjDwUNSkWCDW6erMtQHY%2BxkDonsitNhItNJl8gFUlRxSq1jDEn88oyZIX0Zygwa18nVN40HOQv0sKs9jm2Nw7beQTC7E8xZErtHC0FUsFKn0Xfl87erByl4Nd8%2BJxnDKLTCcYscb%2BkKvu8VnAlimtaLB5TOL9kLxRETZPjISG8br%2BX68qz2XsOL1GsMT1Pu9GhijW1zTm3dkjsihC21DgwLaTalUXdN%2B6EhniujYQ%3D%3D%7Ctkp%3ABk9SR4y16Lj5ZA,knateb,4362,99.6,29.07,Paid shipping
The Muppet Babies Toys And Fun Coloring Book Happy House 1985 Few Pages Used,10.8,10.96 shipping,United States,"janeeboo66 (1,658) 100%",https://www.ebay.com/itm/156162185321?_skw=baby+toys&epid=16027426581&hash=item245bfdd869:g:JYYAAOSwJXBmFv7B&itmprp=enc%3AAQAJAAAA4HoV3kP08IDx%2BKZ9MfhVJKm6yTWuxL5MUqprpHtzwyZgHQu%2FUJEaJf3u%2FC%2FBDgmkYlnN3UTUV%2FVF7WcYLBBgRld34EMDoWM24rq%2FyuimnoK7EP7GOZLUy0syAS6VQIIpBP4Ip8dxJaegsmOxGs9ddXI43yVSg%2F3HlsEGRuQyIKgj1eFuIBIgPQwcNpOa%2FaQ0kzoS%2BThzNcOJyqUXcw%2FkX57TRmhbMHtMB2JFoeuC4s8%2FGbmpxVqA%2BORFixdQ8sdsmCYSNM2lfd7g36GzlMsgEE1mxc66RiOjvc7sR997LhVp%7Ctkp%3ABk9SR4y16Lj5ZA,janeeboo66,1658,100.0,10.96,Paid shipping
Antique Vintage Saalfield Muslin Books Baby's Toys Book Akron OHIO Rare c. 1904,25.0,16.33 shipping,United States,"mademod (8,971) 100%",https://www.ebay.com/itm/167028160969?_skw=baby+toys&hash=item26e3a779c9:g:x08AAOSwJshnEBir&itmprp=enc%3AAQAJAAAA4HoV3kP08IDx%2BKZ9MfhVJKkK1LZZLJ3%2BULu1SWte4uKWzsYgn3kAEJzThylevCnY1PKvvddC42vwN9pZ5Hg15cCB2dmbpXSWRkMSoaotXcPjiP3Q6U9X13gSQPuGS5xFJHqvZpaDGPlRWTgaDuuN%2BaCvk6Zk6TT0l0F%2F80yQtP%2FRPVwCgrhMz73G7q29OJE1NbGbDyXQ2TI9OI4xlMCx5f0ieVoGYXtOWsraxKHQWvoSR8OHKt54%2Fz3vVf55Bvo1hHyF5lH3LDdsEDDznF7Amy5qzhT1nfJt7jdT511f5C74%7Ctkp%3ABk9SR4y16Lj5ZA,mademod,8971,100.0,16.33,Paid shipping
Ugly Guide to Eating Out and Keeping It Down (Uglydolls),4.58,3.81 shipping,United States,"thrift.books (3,764,066) 99%",https://www.ebay.com/itm/195587342454?_skw=baby+toys&epid=74151171&hash=item2d89ea0076:g:3sgAAOSwKsRWFabV&itmprp=enc%3AAQAJAAAAwHoV3kP08IDx%2BKZ9MfhVJKlvb8yOkzmhTVHwybs8EPF82EZ3Mi4e9eNsafsrpIg%2B64b0uFW9WRPtCf0SpthHgQ5OIH%2BLliyqeEhzuJMtsVVkVSaOjnFASGMZthEG%2B9RxPmBdO1y5adgtne5AO%2FCOEWXKrUem3h56E%2FoqbCpOpnaFTM6j5pJ4oKFhbqtBKPQuD5ZP%2FBzI6xIOwHRKBN9TSCLfcGNFEIeMundWZr%2B%2BJ2Hr1GZLC2t6Bjsorr5kS9LHvw%3D%3D%7Ctkp%3ABk9SR4y16Lj5ZA,thrift.books,3764066,99.0,3.81,Paid shipping
"Bitty Baby Ser.: Bitty Baby at the Ballet by Kirby Larson (2013, Hardcover)",4.68,2.99 shipping,United States,"decluttr_store (3,673,176) 99.1%",https://www.ebay.com/itm/196389042221?_skw=baby+toys&epid=159926229&hash=item2db9b2f82d:g:ig8AAOSwq6df~eTa&itmprp=enc%3AAQAJAAAA4HoV3kP08IDx%2BKZ9MfhVJKlij%2BpZmnxQSAl93yP6xNVpJciaduFqy4iVCCcgl4V5zNz5HZOiuwHTB76jRd2zezgdIrPskOswQZ4xiP%2Fl4uuQw5uHeUA3EhpLM6YqcV85ouI9oHYqWG9jXY3y1rFZGnLR7KZRxUepscBfBwNNF%2FYOksWNlW7HdVTiwbVPrC2s0XdlOLWVk9nFQzDxSW6UH%2BIgZkV06YH5OwyRFTauDBrThfe8nJjd7JV%2BqVefC2nTn9cLD0mEP%2BYirUFWYKu6TDCeJhcToCBycaACBjNxLMyZ%7Ctkp%3ABk9SR4y16Lj5ZA,decluttr_store,3673176,99.1,2.99,Paid shipping
American Girl Samantha’s Paper Dolls Samantha And Her Friends W/Outfits & Scenes,9.99,18.60 shipping,United States,judy7110_0 (595) 100%,https://www.ebay.com/itm/156575868860?_skw=baby+toys&hash=item2474a627bc:g:poEAAOSwxN9nUHeZ&itmprp=enc%3AAQAJAAAAwHoV3kP08IDx%2BKZ9MfhVJKnEvDIi%2FE9Lij%2F4Mv6yFaXL0vuAdFjsAA3NLPf2hCJP9n8I2vYCXFxHzhBdyoASxfff8UWT2h34AKd6R9Y0bEjCU5VtjnSy42%2BaV6VNZ6UlqPqzJEZlalH1hfuSXK%2F2vS5Fa4PamQAE3I9uFwRzIc7xtkXGC7EGWHOjxebUNDGKwn729BNrGK4VzgUNbFXfzPRQjztt3vNlSn1VyZTzq1jFXwGkMWNCDAsbdGpG%2FF1vTA%3D%3D%7Ctkp%3ABk9SR4y16Lj5ZA,judy7110_0,595,100.0,18.6,Paid shipping
"Baby Bop's Toys Book Infant Toddler 1993 Rare Vintage Book,  Barney",12.0,10.99 shipping,United States,"surfinturtle49 (1,088) 99.1%",https://www.ebay.com/itm/196873444079?_skw=baby+toys&epid=24038772691&hash=item2dd6925aef:g:plsAAOSwlWRnUOfI&itmprp=enc%3AAQAJAAAAwHoV3kP08IDx%2BKZ9MfhVJKn%2BEalc%2Bz%2BpSFWaW3FyjKYbYmyVV5jcM8W%2FELro615QSrPUkGb%2BlQ7UfGRbxSbqyWKyt5P46OkkURlcvBtIxMB6jQDfdzg86%2BX86K0nVq6VjPTIc18QGqegx19%2Ftld4CkANI7DfRC4s7w6aS74q57DrsN18vTvRlQF5HF24dTQgUQ4O1XEC1FfTP%2BvJMwVUicY4al7NWhJRQrX9IR3lEToOtnouealUSVUJdSelaP208g%3D%3D%7Ctkp%3ABk9SR4y16Lj5ZA,surfinturtle49,1088,99.1,10.99,Paid shipping
M MATTEL TOYS 1990 Preschool and Infant Disney Toys Catalog 45 Pages DEALER,23.99,20.99 shipping,United States,"tweetyboyd1971 (3,921) 100%",https://www.ebay.com/itm/365282669404?_skw=baby+toys&hash=item550c8b335c:g:kZYAAOSw0Hll5mxO&itmprp=enc%3AAQAJAAAA4HoV3kP08IDx%2BKZ9MfhVJKl0D%2FEBVsNmbuShj6gzFlMQ0PMElOuu1kazjB8vAcV8fx6BBHGxAEBeVq5o8YYxfWY%2BBq8%2F1ofaxEKYztcxt1TpLzMXWQ6E76zzNGyn4Jg9Ps5DcuK%2FPCJ2bQL2Le%2B%2FkJNPhemxcQKqD6%2BdJZLAIMOnZVBQrRLT57AxwuthPAmerdygoQsyg92%2FWEpANw%2Bm1Jn6eegiHS9iOlRKaLZYLaa3NOJw%2B4sIZk4Qj4u6D%2BDH%2FIBidgVyIOPemK%2FnWtd1nLx%2BPUJB7SfeDqvo8QpqBJpn%7Ctkp%3ABk9SR4y16Lj5ZA,tweetyboyd1971,3921,100.0,20.99,Paid shipping
Various Hardcover Children's Christmas books- You Choose!,1.49,19.72 shipping,United States,david277golf277 (413) 99.1%,https://www.ebay.com/itm/135423253367?_skw=baby+toys&hash=item1f87dadb77:g:BVcAAOSwfCVnUfDU&itmprp=enc%3AAQAJAAAAwHoV3kP08IDx%2BKZ9MfhVJKnEGFXfs%2F3YUNheFBo9F08%2FKx2gJlJmkDngt3lyu2FrhwMqaI6O%2BBehbrRVj9WS6%2B7w7uRxVfNvcQG%2Fg4sUHoSe8Oeg%2Ba%2BBWbY3%2BMp8hHniOi%2F2LXsk5qOBahuB7L17SlIjpw4BvYckNTISy5itaGYPsNexSve0HmPIc2VZL64geVlpXVuzUZy1o3Ac%2F%2BImznoNAAHbsrb9QmcwnJ4yBPJnbL7KygKtDh%2BH7vR6tA0EHA%3D%3D%7Ctkp%3ABk9SR4y16Lj5ZA,david277golf277,413,99.1,19.72,Paid shipping
Various Children's Christmas books- You Choose!,1.49,19.72 shipping,United States,david277golf277 (413) 99.1%,https://www.ebay.com/itm/135423280936?_skw=baby+toys&hash=item1f87db4728:g:FpUAAOSwfsJnUfSy&itmprp=enc%3AAQAJAAAAwHoV3kP08IDx%2BKZ9MfhVJKnqRBA6J1M9meHrz8zIJOLlc7cxK3mC4ERmPJYlTT8VHgEujkxM4kYRuUfJVL4n7ZsGmYVHIoNTgyXt4aAl1jB5Ma9o4wF51jkhnfmLM55m%2FjS%2BCc9xZ8wx0GLPFbPSTsg9dWfdnc1OxU%2FnArCUION1db%2BHqXEDpib34f1hQYWzJHcv2n7T5QpQ1W0tuLtvHIIu6eQ3FN4yRrgROhhtIt5y7MZNyHy92AR6TH3BVM2Xzw%3D%3D%7Ctkp%3ABk9SR4y16Lj5ZA,david277golf277,413,99.1,19.72,Paid shipping
"Baby Infant Bundle - Plush Cloth Books, Dr Seuss, Maisy, Peter Rabbit Plush Toys",15.59,17.97 shipping,Australia,joelipopsthriftytreasures (797) 100%,https://www.ebay.com/itm/285387722023?_skw=baby+toys&hash=item42726f0d27:g:L2kAAOSw3iBmbMgE&itmprp=enc%3AAQAJAAAA4HoV3kP08IDx%2BKZ9MfhVJKn76maN%2FmL%2BO7EEavIj%2FkIL2Wq8mfqILgw%2FNsuXS%2BBZa3HbVknQcEOkDAc7s7CGhYA3ovHLjB6q3bN9D1ic2gczAEDtdscuuXvcr%2Bciluj45c3oX%2Bmzh%2FFNDIP7%2BOgtMil99cEUglo37Hrh%2Fr025tEIeGC7sRJCm8pk68HtrwCjGCGIY0CMIj4TGFjuFLjeuRHE44X1VGyheHk0XoF%2F8NR3pSCMLgoXqsT%2BflUm4DgNa1LCEd0NHAFF9Sbqymv%2FvhYk2F3s3wNuHbGSRdPAe9%2Fw%7Ctkp%3ABk9SR4y16Lj5ZA,joelipopsthriftytreasures,797,100.0,17.97,Paid shipping
New ListingStep Puzuru Box Pastel Color (Block Play / Box Play / Puzzle Play) Toys to learn,70.95,13.80 shipping,Japan,"yashimajapan (1,037) 98.8%",https://www.ebay.com/itm/396013131575?_skw=baby+toys&hash=item5c3438d737:g:R5MAAOSw9WxnXqex&itmprp=enc%3AAQAJAAAA8HoV3kP08IDx%2BKZ9MfhVJKlqVCcJJtkJHGVsVsk%2FQQypg9T65A33zMOy7s3P6OMvx9kTGTsxPliW5y5L9NRxWtJ%2Bq46kAg%2FoMXTu8p9yDnuB2AD2rdm7I3HXW30nM4sHrhBwZ8y4fQAhR8P7dhMrv%2BYTCRynKro0gQ1ilfIx--rg1V%2BhiGd4zBaYMNaG5DwkK18tn46K%2BIfyYn4shFtQcIQAX9acDLKJQOwmX%2BiQ4thSVd0ulQ356IEo9NhLf2FpIrAnUVE6rTYFF4NeLUhSk9pKP7pTvKjYlaFPrBXyBjn640EW9y8gMvw3%2BqhD70W8Jw%3D%3D%7Ctkp%3ABk9SR4y16Lj5ZA,yashimajapan,1037,98.8,13.8,Paid shipping
"Hooray for Mommies (Babies  Barney) - Board book By Amaral, Gayla - VERY GOOD",4.39,10.50 shipping,United States,"second.sale (3,749,571) 98.4%",https://www.ebay.com/itm/256749487767?_skw=baby+toys&epid=1927480&hash=item3bc7764697:g:UmoAAOSwXuhnXFv1&itmprp=enc%3AAQAJAAAAwHoV3kP08IDx%2BKZ9MfhVJKnbXFNMvXLuXSKrQM4rbUEGzSlOOtVcBhsxO62c986p%2Fdwg6WRf7gV8nEZLdq%2BbZpXiabUFzK93HIUdop%2Fs01Jpj4Bezew7whM8kxlZ9RJzH4avr4ZpX2Tt48ddTawxbcfkunhTUTzt65F0uuCaeHaCT39TTT%2BGmcl5JYEnYrpE2QC8%2BrLLGiLBDaZpxGR18WI3wrX9p0ckyXwY9KlexN%2BY3k%2BVA28SZYv%2BXeZZ2b26dw%3D%3D%7Ctkp%3ABk9SR4y16Lj5ZA,second.sale,3749571,98.4,10.5,Paid shipping
Sylvanian Families Calico Critters Baby Guidbook Magazine Limited to Japan,33.25,Free International Shipping,Japan,mayuri_10 (57) 100%,https://www.ebay.com/itm/356164033464?_skw=baby+toys&hash=item52ed07dbb8:g:UQ4AAOSwvIFlsBkl&itmprp=enc%3AAQAJAAAA8HoV3kP08IDx%2BKZ9MfhVJKllDhBpdtZul0J43IEg5b515QNPKoF2DUy8IT0BRP8IHa%2B4%2Fp6ID11K5gWMI9VTCRsk8317hD3pEj0Hab24C9fkmliR%2FJL2h5MviQp9ZdC1vNcVcUSDYzfJ6BwahANq5Bv03FFWhkA9MLiuKjCvm9ZXRiZyriZomY7LIuOMgTcnI61jI3Q40C7A%2BaPMTpltYx22xE%2BkhpRvLzxR9z88K%2BQjJJ%2BAndE1IcPaEStbVNMo%2FVXk0UYihTpUnXHoLhLUSzJRMUfUjvOp67%2FE6WmmHHZk0Uk5MXDj4twDr2AG5BQskw%3D%3D%7Ctkp%3ABk9SR4y16Lj5ZA,mayuri_10,57,100.0,0.0,Free International shipping
Life Magazines Issues Through the 1950s,7.5,25.00 shipping,United States,a2books (684) 100%,https://www.ebay.com/itm/115632560069?_skw=baby+toys&hash=item1aec3cd7c5:g:wncAAOSwjRpjkh6S&itmprp=enc%3AAQAJAAAAwHoV3kP08IDx%2BKZ9MfhVJKlhWqMzeJEwE3GLzEdmBq%2FeBs1tbNBJdpDojA%2FP9L1y8fpcFOb6Ld8vvZiMD3Q4v6f3w%2BXvehCCPEtmk23Gz4rVVPDiCNMKyPcAxPZ6o2E9jcDcdpcedv7NAI%2BO0LmMLtuGVSpT9HlGNM2j67JsogoQE2dxC4rbGHfUfxEpNDPyFjjbFoCWXa%2FCiGczUb%2BwFyKHFDQlIpZ01Ynu%2BG8N3xiDgfn%2F4IbSd2a2P1pnv5BRYA%3D%3D%7Ctkp%3ABk9SR4y16Lj5ZA,a2books,684,100.0,25.0,Paid shipping
Baby Boomer Toys and Collectibles: With Price Guide - Paperback - GOOD,4.39,10.50 shipping,United States,"second.sale (3,749,571) 98.4%",https://www.ebay.com/itm/276633180458?_skw=baby+toys&epid=1212552&hash=item40689f592a:g:9M8AAOSwdMtm3pcq&itmprp=enc%3AAQAJAAAAwHoV3kP08IDx%2BKZ9MfhVJKnyKzLsFLnXWuA2mJgD68jBQNGswhSau56pGuAof2QqsbQ9rb3qsbCY%2B2RkUSkN1irZYqWVZ7wewagdrGf4Pmyw3i76gf6HVfX6SS7ak%2BteL4xTs1fb37jHQK9%2B27NsKzPyOi8syZ9ONqS3Nmt7qZYiOOMqoxPR7MU3NAzU8936n5n0dmyj0mVzaP9Ubea4sdxqL2UTwqW4fYDQYwh%2FRiIAhbYRCs3iDYrW1fpnXTDL%2BA%3D%3D%7Ctkp%3ABk9SR4y16Lj5ZA,second.sale,3749571,98.4,10.5,Paid shipping
Kate DiCamillo SIGNED BOOK  The Puppets of Spelhorst 1st Ed HBDJ A Norendy Tales,35.0,23.04 shipping,United States,"iopsy (1,005) 100%",https://www.ebay.com/itm/205163568604?_skw=baby+toys&epid=25058619727&hash=item2fc4b39ddc:g:QzsAAOSwrCdnXIPY&itmprp=enc%3AAQAJAAAAwHoV3kP08IDx%2BKZ9MfhVJKnDovTfHNF665qV4q52bMy72zXQXLoHtZ7a7EhyYlDV22ER7SLwGhKEgSaZwqiuT0zbHt4hhQEF1vqcmUQB0eCQz5Z9pywlT0wscydj8YI%2B8pnLKcAb2c8X%2FinK7xOuelaz7n3iEJDQEdx8Holqj9nhsaXUkKkE2HDg7SojGVptz%2FoaqTYmzJqvhRLUFau2MjEbG2MSC2Wcaky8bC2cpyGYsK36i980wHlrSRxdnApCaA%3D%3D%7Ctkp%3ABk9SR4y16Lj5ZA,iopsy,1005,100.0,23.04,Paid shipping
Disney Pixar - Toy Story Look and Find Collection - Includes Toy Story 4  - GOOD,4.04,10.50 shipping,United States,"second.sale (3,749,571) 98.4%",https://www.ebay.com/itm/274985275365?_skw=baby+toys&epid=9038371594&hash=item4006664fe5:g:KLoAAOSwV~Nf~vau&itmprp=enc%3AAQAJAAAA4HoV3kP08IDx%2BKZ9MfhVJKn7M4OGf9%2FxB4xp6VSHF6qFEnwmlv7UicAYTd%2FdxlEqRnRnjSx8tyDu7dxJKHEE8Q%2FSmo0HYW%2B%2B5e9j28dRWEoVKTX970ejptehlOhAqUc9jwhQAWVKIoq7UEJGuvTDXAJwTxn2uWoMsj9YEWFWvpfQTYvsJjxmkzXsKIGDBGhvpfekbtc5Uqr4I9S6SVNZXWg4LS%2BfqAz%2Bula9arv%2F9YMFXRCiIXL1O%2BX85jTDSnEyVU0kCGtxd7e0gNHLaH7%2BOU%2BntW%2B2HKazWDPngunIoBY1%7Ctkp%3ABk9SR4y16Lj5ZA,second.sale,3749571,98.4,10.5,Paid shipping
Me Reader Book Disney Pixar Toy Story 3 2022 Hardcover,4.0,19.04 shipping,United States,"love6a6challenge (2,406) 99.5%",https://www.ebay.com/itm/186447713624?_skw=baby+toys&hash=item2b69265558:g:FVcAAOSw19VmR2EE&itmprp=enc%3AAQAJAAAAwHoV3kP08IDx%2BKZ9MfhVJKl%2Bs5akAyMh0vIgltK%2F4QzAC4Bd1xT95%2F6LwPAhXnbC0n7vZs%2BhQmd%2BxBf8vuWZEQDoX7z8DkTVAPDyR%2BKm7SbOWsui6gxoyvShdRcdlnKOE%2FaCmbU5HlN8D1H%2F%2BaAaMbdc0LxrI5rT%2FIbroK4k4x8DihNO42uqweM%2B1gGL1ts2FjQ2U93Doeb2jOZz%2B0EUxj5Z3Pxz3V9fE4%2Bkn64ICwBUXk4s0SPyXKbegm681qyKzg%3D%3D%7Ctkp%3ABk9SR4y16Lj5ZA,love6a6challenge,2406,99.5,19.04,Paid shipping
Vintage Baby Child See The Bear by Dean Bryant A Collins Board Book 1946 Antique,8.0,22.41 shipping,United States,"plantation_station (4,365) 100%",https://www.ebay.com/itm/395965251364?_skw=baby+toys&hash=item5c315e3f24:g:jNwAAOSwFgxgF1GX&itmprp=enc%3AAQAJAAAA4HoV3kP08IDx%2BKZ9MfhVJKkfS3XqtHAbfsdFRfyyoYJZWgry7iwD6k0GmUCdFl%2B%2Fw2NWCUKCILCz7S4jV2rWF5sQthoL4%2FIvBzZ9QNLpJMBS9UN%2F1ZIJrY6EICTTWfLpGGThOtUjb6rzlAvEg%2BugtHs7BKsd3ra5s7OUtCDwoSSxz2vsz%2BTFUxC3ndzlyIIuCXcocYiimfCDq7gVJpAGnrjEbx0YRODAPPagb4%2FQ%2FRLOEICc%2FdrVfJIWjRulL%2FIEX%2BaiX%2FSjM2fH6kXICDDzY80KFXBjXlquI2NHrTkxky5E%7Ctkp%3ABk9SR4616Lj5ZA,plantation_station,4365,100.0,22.41,Paid shipping
Random House 2004 Dr Seuss Circus McGurkus Plush Rattle Book Baby Toddler Toy 7”,8.99,15.54 shipping,United States,bbsales365 (272) 100%,https://www.ebay.com/itm/395695547241?_skw=baby+toys&hash=item5c214ae369:g:-cYAAOSwCNVmv3hf&itmprp=enc%3AAQAJAAAA0HoV3kP08IDx%2BKZ9MfhVJKkQjH6ISuKSDHhqw%2BGHEMWO%2BVHzLn%2BHdHF402C5Cdpb3jTqfAv%2FrSqLC0%2B0%2Bm6ch0uehD3hzFjxRBJJP7BAjboruFe8R2XAzOVxZbL3W5EPaXTtfrRQe5JsqUbM8NharxAcapJuZJCRvVP29qf7fSCJO3QVpcyUhsIpUy7mrYVuF%2BpM1ANQ5Zx9Lt1pso69Sr4XJDT2D2%2BFWQAfjxI%2FHp9wf5fe4nk%2BaOksGZkWqbKI9yhVxrKAyuH5sZeZySRvLxE%3D%7Ctkp%3ABk9SR4616Lj5ZA,bbsales365,272,100.0,15.54,Paid shipping
Dr.Rapeti Baby Cloth Picture Book Baby Toys Japanese English Bilingual Set 153,32.46,2.98 shipping,Japan,"jp.opera (1,380) 98.4%",https://www.ebay.com/itm/226392595228?_skw=baby+toys&hash=item34b60cdb1c:g:GwIAAOSw6p9nB2Wf&itmprp=enc%3AAQAJAAAA0HoV3kP08IDx%2BKZ9MfhVJKmYfgZsg9xtH5XTyFoeJtaLUkTp%2Bm7xGjOL1bb2YOZ1V6Vmb4dab3y6Jubk8sz2y5dRC2ON57R%2B75O0iokAiAMPoZDxA2lbLmT3OoKTge61vKvl2VnQfFosMn10fsLS9EEyLl0AQCeGBvxa7ukAFkxPBQ6YiO8Rb0cBlnpPRL6b9WffMNtTlXidsXo%2BLCY5oXzebIKi%2BdMdm3WDsrpExHwbHGv3WDcUAiXbcMQaOncXqmVuR8uGuLuTiK4V1R8UG9g%3D%7Ctkp%3ABk9SR4616Lj5ZA,jp.opera,1380,98.4,2.98,Paid shipping
"Farm Babies (a Tuffy Book) by Nestling, Rose",4.89,2.90 shipping,United States,"thrift.books (3,764,066) 99%",https://www.ebay.com/itm/196828252996?_skw=baby+toys&epid=2321466056&hash=item2dd3e0cb44:g:msAAAOSwK21hXrWr&itmprp=enc%3AAQAJAAAA8HoV3kP08IDx%2BKZ9MfhVJKkE5bQEMD87Ehj8RUksL1qB7Y3j%2BkN0JLy%2FSERnPXxnny1NRNza3Igf7dpNv6tErQd9g%2FNo1HS15YqGUjFbhhapELEN6bYCkus5dgKKS%2FiU6K9LX7%2Bf9zzJjN2zAgaVS0goNHzCLNnv9h2CFIByD%2BbTQzZWYPMGtXzzBkQF%2F5RrqnyuByLAQQGZIM4%2BlheyIeKTC9jzS0WBof8jL3C3PJ8DrhNMY1ZyWcnymcUHKks3dXaESZUKbw8egtBhCGt%2BLgEwnH3ybrHFPdC9Rrik3XCzuAqGwIBF1VqJtDK%2B9G1puQ%3D%3D%7Ctkp%3ABk9SR4616Lj5ZA,thrift.books,3764066,99.0,2.9,Paid shipping
little golden books SCUFFY THE TUGBOAT Eleventh Printing 1972 C 1946 toy child,12.0,10.99 shipping,United States,"theatomicsuitcase (1,801) 99.4%",https://www.ebay.com/itm/205164770732?_skw=baby+toys&hash=item2fc4c5f5ac:g:lNAAAOSw2PVf17VT&itmprp=enc%3AAQAJAAAA4HoV3kP08IDx%2BKZ9MfhVJKl0HZhc0teLkH6CrziEefVj14yl4%2B8IVtlQ1ZRK%2BIAm4SKwpucxomuzSsiUa9wobVW0JWzSzmtoC3cswqmg1yzc%2FA%2FEV50Eu3Cv5vceEYg18CB4QvVfvpN5bz0g9Z%2BuhL7x%2F2zEHg6cIYdepVGZNW%2BdknLZ39uRfPU%2FVxMfWBx%2BcoigkK%2FTldOAXUfW2ixcNQujGTP6rsmDmFAQHm7Pa6HBBOMp4IwjMT0utQtPYGEvZmXZe3uJZiAa9Q%2F6upgxPNwzZgL3Ngc7AhVjBad29rnk%7Ctkp%3ABk9SR4616Lj5ZA,theatomicsuitcase,1801,99.4,10.99,Paid shipping
Baby's First Toys Book,37.14,14.85 shipping,United States,"ontimebooks (30,054) 97.4%",https://www.ebay.com/itm/176553489094?_skw=baby+toys&epid=124412503&hash=item291b6872c6:g:Nt0AAOSwSFVm1JpY&itmprp=enc%3AAQAJAAAA4HoV3kP08IDx%2BKZ9MfhVJKmbqwJA9sA%2BN2eSQBqnv7q0OeCIjlFNzg6qkADAihmtuzc5%2F%2B2v9W6%2FeXXNXHpDAN1D9huUudWHkXpL6Ujxag43YG1tbFYxjTfOsIIHlBf8PWdqELUix871eRWMf8malL3XYf0skLoyMMDyztCpASR8qcwJjQMOlZ1CN1hlsYPap%2FAb%2BSsuC6h1TA1wl1wW2cofGv6N0yphrzD1WRE0mmsikN7E21jTU7eSmpMNE8CA9ZaLDX%2B9GHUx4VKu%2F%2B1UQHq%2FSJ21ovrpZvGT850oUjhr%7Ctkp%3ABFBMjrXouPlk,ontimebooks,30054,97.4,14.85,Paid shipping
baby toys #YN5SVR,96.63,Free International Shipping,Japan,kagerou42-japan (656) 96.5%,https://www.ebay.com/itm/235729748953?_skw=baby+toys&hash=item36e29683d9:g:MMUAAOSwa81m2UGa&itmprp=enc%3AAQAJAAAA4HoV3kP08IDx%2BKZ9MfhVJKntJpbhLbaXhLYm7xBaJzVrPEFDSEAWiuB%2BrKcMGJKYT25%2Fe7h4ONQ3DCXLEdmbOuuWnVzMnC6dsEgJ%2Bqpg%2BAZK7zg5FveXkhHQxHiTg%2F6l%2BDFytslzhwq8jxiHqVqp7Fz9NX0HdcX4w%2BZ2Eqkki5zPdANfp%2BZifdeWny6BhIYCqrQOcj%2B%2FhHkhDC%2BWrBHtx3zYIaIoZeup4%2B2em7Fgg6YW6xB9U6gsKGEZd3T5orMudIHbc6Rg--qr9%2Frd6rLSBiY52LgBULRzMJ9vyz9NFvwF%7Ctkp%3ABFBMjrXouPlk,kagerou42-japan,656,96.5,0.0,Free International shipping
